IN1,NAM
6134,Cañuelas
6218,Chascomús
6466,Lezama
6260,Esteban Echeverría
6270,Ezeiza
6648,Presidente Perón
6274,Florencio Varela
6412,José C. Paz
6515,Malvinas Argentinas
6638,Pilar
6760,San Miguel
6505,Magdalena
6655,Punta Indio
6408,Hurlingham
6410,Ituzaingó
6568,Morón
6638,Pilar
6648,Presidente Perón
6778,San Vicente
22036,12 de Octubre
22039,2 de Abril
22043,Fray Justo Santa María de Oro
30008,Colón
30088,San Salvador
30015,Concordia
30088,San Salvador
30113,Villaguay
94008,Río Grande
94011,Tolhuin
94015,Ushuaia
